<unterstuetzer>
    <person>
        <Email>marita@musterfrau.de</Email>
        <Postleitzahl>45009</Postleitzahl>
        <Name>Musterfrau</Name>
        <Vorname>Marita</Vorname>
    </person>
    <person>
        <Email>jan.imprinzip@gmx.de</Email>
        <Postleitzahl>23456</Postleitzahl>
        <Name>Imprinzip</Name>
        <Vorname>Jan</Vorname>
    </person>
    <person>
        <Email>otto@nobody.de</Email>
        <Postleitzahl>44337</Postleitzahl>
        <Name>Niemand</Name>
        <Vorname>Otto</Vorname>
    </person>
</unterstuetzer>
